ts_utc,tag,payload
2025-09-01T00:12:13.381475Z,skip_openai,"{""errors"": 0, ""health"": 0}"
2025-09-01T00:26:16.666277Z,email_sent,"{""errors"": 1, ""health"": 0, ""preview"": ""1 error; 0 health issues.\n\n- RowID 5 / usp_TransferFunds / Err 50003 (Insufficient funds) \u2014 Action: Business rejection of transaction; surface declined status to user and record failure reason for audit. Do NOT attempt DB-level fixes.\n- RowID 5 / usp_TransferFunds / Err 50003 \u2014 Action: Escalate to P""}"
2025-09-01T00:27:16.683625Z,skip_openai,"{""errors"": 0, ""health"": 0}"
2025-09-01T00:28:31.509353Z,email_sent,"{""errors"": 1, ""health"": 0, ""preview"": ""1 error; health OK.\n\n- (ID 6 | usp_TransferFunds | Err 50003) 2025-09-01 00:27:45 \u2014 Insufficient funds: business-level decline. No DB fixes recommended.\n- (ID 6 | usp_TransferFunds | Err 50003) Action: notify support/product teams and include account/transaction identifiers and timestamp; stop autom""}"
2025-09-01T00:29:31.520451Z,skip_openai,"{""errors"": 0, ""health"": 0}"
2025-09-01T00:30:31.535268Z,skip_openai,"{""errors"": 0, ""health"": 0}"
2025-09-01T00:31:31.550641Z,skip_openai,"{""errors"": 0, ""health"": 0}"
2025-09-01T00:32:31.564420Z,skip_openai,"{""errors"": 0, ""health"": 0}"
2025-09-01T00:33:31.572884Z,skip_openai,"{""errors"": 0, ""health"": 0}"
2025-09-01T00:34:31.581126Z,skip_openai,"{""errors"": 0, ""health"": 0}"
2025-09-01T00:35:31.593443Z,skip_openai,"{""errors"": 0, ""health"": 0}"
2025-09-01T00:36:31.608830Z,skip_openai,"{""errors"": 0, ""health"": 0}"
2025-09-01T00:37:31.622451Z,skip_openai,"{""errors"": 0, ""health"": 0}"
2025-09-01T00:38:31.634744Z,skip_openai,"{""errors"": 0, ""health"": 0}"
2025-09-01T00:39:31.647526Z,skip_openai,"{""errors"": 0, ""health"": 0}"
2025-09-01T00:40:31.659695Z,skip_openai,"{""errors"": 0, ""health"": 0}"
2025-09-01T00:41:31.671303Z,skip_openai,"{""errors"": 0, ""health"": 0}"
2025-09-01T00:42:31.683223Z,skip_openai,"{""errors"": 0, ""health"": 0}"
2025-09-01T00:43:31.696553Z,skip_openai,"{""errors"": 0, ""health"": 0}"
2025-09-01T00:44:31.710062Z,skip_openai,"{""errors"": 0, ""health"": 0}"
2025-09-01T00:45:31.717711Z,skip_openai,"{""errors"": 0, ""health"": 0}"
2025-09-01T00:46:31.726987Z,skip_openai,"{""errors"": 0, ""health"": 0}"
2025-09-01T00:47:31.738516Z,skip_openai,"{""errors"": 0, ""health"": 0}"
2025-09-01T00:48:31.747467Z,skip_openai,"{""errors"": 0, ""health"": 0}"
2025-09-01T00:49:31.760003Z,skip_openai,"{""errors"": 0, ""health"": 0}"
2025-09-01T00:50:31.772185Z,skip_openai,"{""errors"": 0, ""health"": 0}"
2025-09-01T00:51:31.782920Z,skip_openai,"{""errors"": 0, ""health"": 0}"
2025-09-01T00:52:31.794026Z,skip_openai,"{""errors"": 0, ""health"": 0}"
2025-09-01T00:53:31.807601Z,skip_openai,"{""errors"": 0, ""health"": 0}"
2025-09-01T00:54:31.815955Z,skip_openai,"{""errors"": 0, ""health"": 0}"
2025-09-01T00:55:31.829049Z,skip_openai,"{""errors"": 0, ""health"": 0}"
2025-09-01T00:56:31.839032Z,skip_openai,"{""errors"": 0, ""health"": 0}"
2025-09-01T00:57:31.851790Z,skip_openai,"{""errors"": 0, ""health"": 0}"
2025-09-01T00:58:31.864582Z,skip_openai,"{""errors"": 0, ""health"": 0}"
2025-09-01T00:59:31.873391Z,skip_openai,"{""errors"": 0, ""health"": 0}"
2025-09-01T01:00:31.885326Z,skip_openai,"{""errors"": 0, ""health"": 0}"
2025-09-01T01:01:31.897618Z,skip_openai,"{""errors"": 0, ""health"": 0}"
2025-09-01T01:02:31.905540Z,skip_openai,"{""errors"": 0, ""health"": 0}"
2025-09-01T01:03:31.912394Z,skip_openai,"{""errors"": 0, ""health"": 0}"
2025-09-01T01:04:41.886728Z,email_sent,"{""errors"": 1, ""health"": 0, ""preview"": ""1 error; health OK.\n\n- ID 7 / usp_TransferFunds / Err 50003 (Insufficient funds) \u2014 Business-level failure: do NOT apply DB fixes; transaction was correctly declined.\n- Action: Notify payments ops and the originating system/user immediately with transaction reference and reason (insufficient funds) s""}"
2025-09-01T01:05:41.896442Z,skip_openai,"{""errors"": 0, ""health"": 0}"
2025-09-01T01:06:41.904164Z,skip_openai,"{""errors"": 0, ""health"": 0}"
2025-09-01T01:07:41.912949Z,skip_openai,"{""errors"": 0, ""health"": 0}"
2025-09-01T01:08:41.925178Z,skip_openai,"{""errors"": 0, ""health"": 0}"
2025-09-01T01:09:41.940276Z,skip_openai,"{""errors"": 0, ""health"": 0}"
2025-09-01T01:10:41.951580Z,skip_openai,"{""errors"": 0, ""health"": 0}"
2025-09-01T01:11:41.962456Z,skip_openai,"{""errors"": 0, ""health"": 0}"
2025-09-01T01:12:41.973925Z,skip_openai,"{""errors"": 0, ""health"": 0}"
2025-09-01T01:13:41.985871Z,skip_openai,"{""errors"": 0, ""health"": 0}"
2025-09-01T01:14:41.999911Z,skip_openai,"{""errors"": 0, ""health"": 0}"
2025-09-01T01:15:42.011463Z,skip_openai,"{""errors"": 0, ""health"": 0}"
2025-09-01T01:16:42.023981Z,skip_openai,"{""errors"": 0, ""health"": 0}"
2025-09-01T01:17:42.035525Z,skip_openai,"{""errors"": 0, ""health"": 0}"
2025-09-01T01:18:42.048416Z,skip_openai,"{""errors"": 0, ""health"": 0}"
2025-09-01T01:19:42.060117Z,skip_openai,"{""errors"": 0, ""health"": 0}"
2025-09-01T01:20:42.071771Z,skip_openai,"{""errors"": 0, ""health"": 0}"
2025-09-01T01:21:42.082792Z,skip_openai,"{""errors"": 0, ""health"": 0}"
2025-09-01T01:22:42.094806Z,skip_openai,"{""errors"": 0, ""health"": 0}"
2025-09-01T01:23:42.103457Z,skip_openai,"{""errors"": 0, ""health"": 0}"
2025-09-01T01:24:42.115251Z,skip_openai,"{""errors"": 0, ""health"": 0}"
2025-09-01T01:25:42.129056Z,skip_openai,"{""errors"": 0, ""health"": 0}"
2025-09-01T01:26:42.140828Z,skip_openai,"{""errors"": 0, ""health"": 0}"
2025-09-01T01:27:42.151642Z,skip_openai,"{""errors"": 0, ""health"": 0}"
2025-09-01T01:28:42.164145Z,skip_openai,"{""errors"": 0, ""health"": 0}"
2025-09-01T01:29:42.175542Z,skip_openai,"{""errors"": 0, ""health"": 0}"
2025-09-01T01:30:42.188369Z,skip_openai,"{""errors"": 0, ""health"": 0}"
2025-09-01T01:31:42.199461Z,skip_openai,"{""errors"": 0, ""health"": 0}"
2025-09-01T01:32:42.208109Z,skip_openai,"{""errors"": 0, ""health"": 0}"
2025-09-01T01:33:42.216537Z,skip_openai,"{""errors"": 0, ""health"": 0}"
2025-09-01T01:34:42.224935Z,skip_openai,"{""errors"": 0, ""health"": 0}"
2025-09-01T01:35:42.234100Z,skip_openai,"{""errors"": 0, ""health"": 0}"
2025-09-01T01:36:42.242305Z,skip_openai,"{""errors"": 0, ""health"": 0}"
2025-09-01T01:37:42.251220Z,skip_openai,"{""errors"": 0, ""health"": 0}"
2025-09-01T01:38:42.262043Z,skip_openai,"{""errors"": 0, ""health"": 0}"
2025-09-01T01:39:42.270833Z,skip_openai,"{""errors"": 0, ""health"": 0}"
2025-09-01T01:40:42.280830Z,skip_openai,"{""errors"": 0, ""health"": 0}"
2025-09-01T01:41:42.291971Z,skip_openai,"{""errors"": 0, ""health"": 0}"
2025-09-01T01:42:42.303994Z,skip_openai,"{""errors"": 0, ""health"": 0}"
2025-09-01T01:43:42.315880Z,skip_openai,"{""errors"": 0, ""health"": 0}"
2025-09-01T01:44:42.328727Z,skip_openai,"{""errors"": 0, ""health"": 0}"
2025-09-01T01:45:42.341869Z,skip_openai,"{""errors"": 0, ""health"": 0}"
2025-09-01T01:46:42.354814Z,skip_openai,"{""errors"": 0, ""health"": 0}"
2025-09-01T01:47:42.367251Z,skip_openai,"{""errors"": 0, ""health"": 0}"
2025-09-01T01:48:42.375923Z,skip_openai,"{""errors"": 0, ""health"": 0}"
2025-09-01T01:49:42.387370Z,skip_openai,"{""errors"": 0, ""health"": 0}"
2025-09-01T01:50:42.399997Z,skip_openai,"{""errors"": 0, ""health"": 0}"
2025-09-01T01:51:42.411866Z,skip_openai,"{""errors"": 0, ""health"": 0}"
2025-09-01T01:52:42.424566Z,skip_openai,"{""errors"": 0, ""health"": 0}"
2025-09-01T01:53:42.436233Z,skip_openai,"{""errors"": 0, ""health"": 0}"
2025-09-01T01:54:42.446054Z,skip_openai,"{""errors"": 0, ""health"": 0}"
2025-09-01T01:55:42.454015Z,skip_openai,"{""errors"": 0, ""health"": 0}"
2025-09-01T01:56:42.462766Z,skip_openai,"{""errors"": 0, ""health"": 0}"
2025-09-01T01:57:42.474563Z,skip_openai,"{""errors"": 0, ""health"": 0}"
2025-09-01T01:58:42.482009Z,skip_openai,"{""errors"": 0, ""health"": 0}"
2025-09-01T01:59:42.493963Z,skip_openai,"{""errors"": 0, ""health"": 0}"
2025-09-01T02:00:42.507164Z,skip_openai,"{""errors"": 0, ""health"": 0}"
2025-09-01T02:01:42.518014Z,skip_openai,"{""errors"": 0, ""health"": 0}"
2025-09-01T02:02:42.530616Z,skip_openai,"{""errors"": 0, ""health"": 0}"
2025-09-01T02:03:42.542279Z,skip_openai,"{""errors"": 0, ""health"": 0}"
2025-09-01T02:04:42.551161Z,skip_openai,"{""errors"": 0, ""health"": 0}"
2025-09-01T02:05:42.561171Z,skip_openai,"{""errors"": 0, ""health"": 0}"
2025-09-01T02:06:42.571636Z,skip_openai,"{""errors"": 0, ""health"": 0}"
2025-09-01T02:07:42.584221Z,skip_openai,"{""errors"": 0, ""health"": 0}"
2025-09-01T02:08:42.596035Z,skip_openai,"{""errors"": 0, ""health"": 0}"
2025-09-01T02:09:42.606321Z,skip_openai,"{""errors"": 0, ""health"": 0}"
2025-09-01T02:10:42.618181Z,skip_openai,"{""errors"": 0, ""health"": 0}"
2025-09-01T02:11:42.626541Z,skip_openai,"{""errors"": 0, ""health"": 0}"
2025-09-01T02:12:42.641481Z,skip_openai,"{""errors"": 0, ""health"": 0}"
2025-09-01T02:13:42.657290Z,skip_openai,"{""errors"": 0, ""health"": 0}"
2025-09-01T02:14:42.665624Z,skip_openai,"{""errors"": 0, ""health"": 0}"
2025-09-01T02:15:42.677851Z,skip_openai,"{""errors"": 0, ""health"": 0}"
2025-09-01T02:16:42.686007Z,skip_openai,"{""errors"": 0, ""health"": 0}"
2025-09-01T02:17:42.695659Z,skip_openai,"{""errors"": 0, ""health"": 0}"
2025-09-01T02:18:42.707713Z,skip_openai,"{""errors"": 0, ""health"": 0}"
2025-09-01T02:19:42.715720Z,skip_openai,"{""errors"": 0, ""health"": 0}"
2025-09-01T02:20:42.725776Z,skip_openai,"{""errors"": 0, ""health"": 0}"
2025-09-01T02:21:42.738157Z,skip_openai,"{""errors"": 0, ""health"": 0}"
2025-09-01T02:22:42.749414Z,skip_openai,"{""errors"": 0, ""health"": 0}"
2025-09-01T02:23:42.761616Z,skip_openai,"{""errors"": 0, ""health"": 0}"
2025-09-01T02:24:42.771084Z,skip_openai,"{""errors"": 0, ""health"": 0}"
2025-09-01T02:25:42.782807Z,skip_openai,"{""errors"": 0, ""health"": 0}"
2025-09-01T02:26:42.796202Z,skip_openai,"{""errors"": 0, ""health"": 0}"
2025-09-01T02:27:42.808330Z,skip_openai,"{""errors"": 0, ""health"": 0}"
2025-09-01T02:28:42.820214Z,skip_openai,"{""errors"": 0, ""health"": 0}"
2025-09-01T02:29:42.831187Z,skip_openai,"{""errors"": 0, ""health"": 0}"
2025-09-01T02:30:42.844178Z,skip_openai,"{""errors"": 0, ""health"": 0}"
2025-09-01T02:31:42.855160Z,skip_openai,"{""errors"": 0, ""health"": 0}"
2025-09-01T02:32:42.867645Z,skip_openai,"{""errors"": 0, ""health"": 0}"
2025-09-01T02:33:42.880885Z,skip_openai,"{""errors"": 0, ""health"": 0}"
2025-09-01T02:34:42.892047Z,skip_openai,"{""errors"": 0, ""health"": 0}"
2025-09-01T02:35:42.905100Z,skip_openai,"{""errors"": 0, ""health"": 0}"
2025-09-01T02:36:42.916351Z,skip_openai,"{""errors"": 0, ""health"": 0}"
2025-09-01T02:37:42.925752Z,skip_openai,"{""errors"": 0, ""health"": 0}"
2025-09-01T02:38:42.937538Z,skip_openai,"{""errors"": 0, ""health"": 0}"
2025-09-01T02:39:42.949603Z,skip_openai,"{""errors"": 0, ""health"": 0}"
2025-09-01T02:40:42.956420Z,skip_openai,"{""errors"": 0, ""health"": 0}"
2025-09-01T02:41:42.969247Z,skip_openai,"{""errors"": 0, ""health"": 0}"
2025-09-01T02:42:42.978495Z,skip_openai,"{""errors"": 0, ""health"": 0}"
2025-09-01T02:43:42.992122Z,skip_openai,"{""errors"": 0, ""health"": 0}"
2025-09-01T02:44:43.006191Z,skip_openai,"{""errors"": 0, ""health"": 0}"
2025-09-01T02:45:43.018252Z,skip_openai,"{""errors"": 0, ""health"": 0}"
2025-09-01T02:46:43.031461Z,skip_openai,"{""errors"": 0, ""health"": 0}"
2025-09-01T02:47:43.042333Z,skip_openai,"{""errors"": 0, ""health"": 0}"
2025-09-01T02:48:43.053760Z,skip_openai,"{""errors"": 0, ""health"": 0}"
2025-09-01T02:49:43.066018Z,skip_openai,"{""errors"": 0, ""health"": 0}"
2025-09-01T02:50:43.077709Z,skip_openai,"{""errors"": 0, ""health"": 0}"
2025-09-01T02:51:43.090647Z,skip_openai,"{""errors"": 0, ""health"": 0}"
2025-09-01T02:52:43.102605Z,skip_openai,"{""errors"": 0, ""health"": 0}"
2025-09-01T02:53:43.114037Z,skip_openai,"{""errors"": 0, ""health"": 0}"
2025-09-01T02:54:43.125049Z,skip_openai,"{""errors"": 0, ""health"": 0}"
2025-09-01T02:55:43.134262Z,skip_openai,"{""errors"": 0, ""health"": 0}"
2025-09-01T02:56:43.145404Z,skip_openai,"{""errors"": 0, ""health"": 0}"
2025-09-01T02:57:43.157720Z,skip_openai,"{""errors"": 0, ""health"": 0}"
2025-09-01T02:58:43.166364Z,skip_openai,"{""errors"": 0, ""health"": 0}"
2025-09-01T02:59:43.173524Z,skip_openai,"{""errors"": 0, ""health"": 0}"
2025-09-01T03:00:43.182183Z,skip_openai,"{""errors"": 0, ""health"": 0}"
2025-09-01T03:01:43.192420Z,skip_openai,"{""errors"": 0, ""health"": 0}"
2025-09-01T03:02:43.203228Z,skip_openai,"{""errors"": 0, ""health"": 0}"
2025-09-01T03:03:43.210673Z,skip_openai,"{""errors"": 0, ""health"": 0}"
2025-09-01T03:04:43.219634Z,skip_openai,"{""errors"": 0, ""health"": 0}"
2025-09-01T03:05:43.228638Z,skip_openai,"{""errors"": 0, ""health"": 0}"
2025-09-01T03:06:43.237686Z,skip_openai,"{""errors"": 0, ""health"": 0}"
2025-09-01T03:07:43.249983Z,skip_openai,"{""errors"": 0, ""health"": 0}"
2025-09-01T03:08:43.261672Z,skip_openai,"{""errors"": 0, ""health"": 0}"
2025-09-01T03:09:43.272451Z,skip_openai,"{""errors"": 0, ""health"": 0}"
2025-09-01T03:10:43.283511Z,skip_openai,"{""errors"": 0, ""health"": 0}"
2025-09-01T03:11:43.295361Z,skip_openai,"{""errors"": 0, ""health"": 0}"
2025-09-01T03:12:43.306205Z,skip_openai,"{""errors"": 0, ""health"": 0}"
2025-09-01T03:13:43.316795Z,skip_openai,"{""errors"": 0, ""health"": 0}"
2025-09-01T03:14:43.329333Z,skip_openai,"{""errors"": 0, ""health"": 0}"
2025-09-01T03:15:43.340449Z,skip_openai,"{""errors"": 0, ""health"": 0}"
2025-09-01T03:16:43.352613Z,skip_openai,"{""errors"": 0, ""health"": 0}"
2025-09-01T03:17:43.364230Z,skip_openai,"{""errors"": 0, ""health"": 0}"
2025-09-01T03:18:43.375006Z,skip_openai,"{""errors"": 0, ""health"": 0}"
2025-09-01T03:19:43.385866Z,skip_openai,"{""errors"": 0, ""health"": 0}"
2025-09-01T03:20:43.396775Z,skip_openai,"{""errors"": 0, ""health"": 0}"
2025-09-01T03:21:43.408216Z,skip_openai,"{""errors"": 0, ""health"": 0}"
2025-09-01T03:22:43.419026Z,skip_openai,"{""errors"": 0, ""health"": 0}"
2025-09-01T03:23:43.432600Z,skip_openai,"{""errors"": 0, ""health"": 0}"
2025-09-01T03:24:43.445283Z,skip_openai,"{""errors"": 0, ""health"": 0}"
2025-09-01T03:25:43.452953Z,skip_openai,"{""errors"": 0, ""health"": 0}"
2025-09-01T03:26:43.463731Z,skip_openai,"{""errors"": 0, ""health"": 0}"
2025-09-01T03:27:43.474373Z,skip_openai,"{""errors"": 0, ""health"": 0}"
2025-09-01T03:28:43.483099Z,skip_openai,"{""errors"": 0, ""health"": 0}"
2025-09-01T03:29:43.490493Z,skip_openai,"{""errors"": 0, ""health"": 0}"
2025-09-01T03:30:43.502916Z,skip_openai,"{""errors"": 0, ""health"": 0}"
2025-09-01T03:31:43.514174Z,skip_openai,"{""errors"": 0, ""health"": 0}"
2025-09-01T03:32:43.526063Z,skip_openai,"{""errors"": 0, ""health"": 0}"
2025-09-01T03:33:43.537784Z,skip_openai,"{""errors"": 0, ""health"": 0}"
2025-09-01T03:34:43.549839Z,skip_openai,"{""errors"": 0, ""health"": 0}"
2025-09-01T03:35:43.560472Z,skip_openai,"{""errors"": 0, ""health"": 0}"
2025-09-01T03:36:43.568778Z,skip_openai,"{""errors"": 0, ""health"": 0}"
2025-09-01T03:37:43.576462Z,skip_openai,"{""errors"": 0, ""health"": 0}"
2025-09-01T03:38:43.584046Z,skip_openai,"{""errors"": 0, ""health"": 0}"
2025-09-01T03:39:43.595438Z,skip_openai,"{""errors"": 0, ""health"": 0}"
2025-09-01T03:40:43.603599Z,skip_openai,"{""errors"": 0, ""health"": 0}"
2025-09-01T03:41:43.615537Z,skip_openai,"{""errors"": 0, ""health"": 0}"
2025-09-01T03:42:43.626645Z,skip_openai,"{""errors"": 0, ""health"": 0}"
2025-09-01T03:43:43.640064Z,skip_openai,"{""errors"": 0, ""health"": 0}"
2025-09-01T03:44:43.649558Z,skip_openai,"{""errors"": 0, ""health"": 0}"
2025-09-01T03:45:43.657619Z,skip_openai,"{""errors"": 0, ""health"": 0}"
2025-09-01T03:46:43.665625Z,skip_openai,"{""errors"": 0, ""health"": 0}"
2025-09-01T03:47:43.669676Z,skip_openai,"{""errors"": 0, ""health"": 0}"
2025-09-01T03:48:43.678121Z,skip_openai,"{""errors"": 0, ""health"": 0}"
2025-09-01T03:49:43.687007Z,skip_openai,"{""errors"": 0, ""health"": 0}"
2025-09-01T03:50:43.699017Z,skip_openai,"{""errors"": 0, ""health"": 0}"
2025-09-01T03:51:43.712051Z,skip_openai,"{""errors"": 0, ""health"": 0}"
2025-09-01T03:52:43.721394Z,skip_openai,"{""errors"": 0, ""health"": 0}"
2025-09-01T03:53:43.734582Z,skip_openai,"{""errors"": 0, ""health"": 0}"
2025-09-01T03:54:43.747288Z,skip_openai,"{""errors"": 0, ""health"": 0}"
2025-09-01T03:55:43.756246Z,skip_openai,"{""errors"": 0, ""health"": 0}"
2025-09-01T03:56:43.767820Z,skip_openai,"{""errors"": 0, ""health"": 0}"
2025-09-01T03:57:43.779993Z,skip_openai,"{""errors"": 0, ""health"": 0}"
2025-09-01T03:58:43.791975Z,skip_openai,"{""errors"": 0, ""health"": 0}"
2025-09-01T03:59:43.804216Z,skip_openai,"{""errors"": 0, ""health"": 0}"
2025-09-01T04:00:43.816227Z,skip_openai,"{""errors"": 0, ""health"": 0}"
2025-09-01T04:01:43.827717Z,skip_openai,"{""errors"": 0, ""health"": 0}"
2025-09-01T04:02:43.840233Z,skip_openai,"{""errors"": 0, ""health"": 0}"
2025-09-01T04:03:43.852797Z,skip_openai,"{""errors"": 0, ""health"": 0}"
2025-09-01T04:04:43.865357Z,skip_openai,"{""errors"": 0, ""health"": 0}"
2025-09-01T04:05:43.876876Z,skip_openai,"{""errors"": 0, ""health"": 0}"
2025-09-01T04:06:43.888781Z,skip_openai,"{""errors"": 0, ""health"": 0}"
2025-09-01T04:07:43.896288Z,skip_openai,"{""errors"": 0, ""health"": 0}"
2025-09-01T04:08:43.912158Z,skip_openai,"{""errors"": 0, ""health"": 0}"
2025-09-01T04:09:43.919548Z,skip_openai,"{""errors"": 0, ""health"": 0}"
2025-09-01T04:10:43.931704Z,skip_openai,"{""errors"": 0, ""health"": 0}"
2025-09-01T04:11:43.943355Z,skip_openai,"{""errors"": 0, ""health"": 0}"
2025-09-01T04:12:43.958490Z,skip_openai,"{""errors"": 0, ""health"": 0}"
2025-09-01T04:13:43.965890Z,skip_openai,"{""errors"": 0, ""health"": 0}"
2025-09-01T04:14:43.978481Z,skip_openai,"{""errors"": 0, ""health"": 0}"
2025-09-01T04:15:43.987513Z,skip_openai,"{""errors"": 0, ""health"": 0}"
2025-09-01T04:16:43.997090Z,skip_openai,"{""errors"": 0, ""health"": 0}"
2025-09-01T04:17:44.009188Z,skip_openai,"{""errors"": 0, ""health"": 0}"
2025-09-01T04:18:44.022218Z,skip_openai,"{""errors"": 0, ""health"": 0}"
2025-09-01T04:19:44.034636Z,skip_openai,"{""errors"": 0, ""health"": 0}"
2025-09-01T04:20:44.046016Z,skip_openai,"{""errors"": 0, ""health"": 0}"
2025-09-01T04:21:44.057890Z,skip_openai,"{""errors"": 0, ""health"": 0}"
2025-09-01T04:22:44.070763Z,skip_openai,"{""errors"": 0, ""health"": 0}"
2025-09-01T04:23:44.086123Z,skip_openai,"{""errors"": 0, ""health"": 0}"
2025-09-01T04:24:44.093752Z,skip_openai,"{""errors"": 0, ""health"": 0}"
2025-09-01T04:25:44.102952Z,skip_openai,"{""errors"": 0, ""health"": 0}"
2025-09-01T04:26:44.111875Z,skip_openai,"{""errors"": 0, ""health"": 0}"
2025-09-01T04:27:44.120015Z,skip_openai,"{""errors"": 0, ""health"": 0}"
2025-09-01T04:28:44.129135Z,skip_openai,"{""errors"": 0, ""health"": 0}"
2025-09-01T04:29:44.137853Z,skip_openai,"{""errors"": 0, ""health"": 0}"
2025-09-01T04:30:44.146369Z,skip_openai,"{""errors"": 0, ""health"": 0}"
2025-09-01T04:31:44.158103Z,skip_openai,"{""errors"": 0, ""health"": 0}"
2025-09-01T04:32:44.167110Z,skip_openai,"{""errors"": 0, ""health"": 0}"
2025-09-01T04:33:44.179420Z,skip_openai,"{""errors"": 0, ""health"": 0}"
2025-09-01T04:34:44.187425Z,skip_openai,"{""errors"": 0, ""health"": 0}"
2025-09-01T04:35:44.195363Z,skip_openai,"{""errors"": 0, ""health"": 0}"
2025-09-01T04:36:44.207070Z,skip_openai,"{""errors"": 0, ""health"": 0}"
2025-09-01T04:37:44.218469Z,skip_openai,"{""errors"": 0, ""health"": 0}"
2025-09-01T04:38:44.232497Z,skip_openai,"{""errors"": 0, ""health"": 0}"
2025-09-01T04:39:44.243157Z,skip_openai,"{""errors"": 0, ""health"": 0}"
2025-09-01T04:40:44.256845Z,skip_openai,"{""errors"": 0, ""health"": 0}"
2025-09-01T04:41:44.263418Z,skip_openai,"{""errors"": 0, ""health"": 0}"
2025-09-01T04:42:44.274170Z,skip_openai,"{""errors"": 0, ""health"": 0}"
2025-09-01T04:43:44.286478Z,skip_openai,"{""errors"": 0, ""health"": 0}"
2025-09-01T04:44:44.297920Z,skip_openai,"{""errors"": 0, ""health"": 0}"
2025-09-01T04:45:44.306779Z,skip_openai,"{""errors"": 0, ""health"": 0}"
2025-09-01T04:46:44.313819Z,skip_openai,"{""errors"": 0, ""health"": 0}"
2025-09-01T04:47:44.327542Z,skip_openai,"{""errors"": 0, ""health"": 0}"
2025-09-01T04:48:44.340359Z,skip_openai,"{""errors"": 0, ""health"": 0}"
2025-09-01T04:49:44.350179Z,skip_openai,"{""errors"": 0, ""health"": 0}"
2025-09-01T04:50:44.360575Z,skip_openai,"{""errors"": 0, ""health"": 0}"
2025-09-01T04:51:44.376713Z,skip_openai,"{""errors"": 0, ""health"": 0}"
2025-09-01T04:52:44.389047Z,skip_openai,"{""errors"": 0, ""health"": 0}"
2025-09-01T04:53:44.401164Z,skip_openai,"{""errors"": 0, ""health"": 0}"
2025-09-01T04:54:44.408576Z,skip_openai,"{""errors"": 0, ""health"": 0}"
2025-09-01T04:55:44.420311Z,skip_openai,"{""errors"": 0, ""health"": 0}"
2025-09-01T04:56:44.451501Z,skip_openai,"{""errors"": 0, ""health"": 0}"
2025-09-01T04:57:44.461455Z,skip_openai,"{""errors"": 0, ""health"": 0}"
2025-09-01T04:58:44.470041Z,skip_openai,"{""errors"": 0, ""health"": 0}"
2025-09-01T04:59:44.478791Z,skip_openai,"{""errors"": 0, ""health"": 0}"
2025-09-01T05:00:44.491788Z,skip_openai,"{""errors"": 0, ""health"": 0}"
2025-09-01T05:01:44.500292Z,skip_openai,"{""errors"": 0, ""health"": 0}"
2025-09-01T05:02:44.508154Z,skip_openai,"{""errors"": 0, ""health"": 0}"
2025-09-01T05:03:44.519852Z,skip_openai,"{""errors"": 0, ""health"": 0}"
2025-09-01T05:04:44.532998Z,skip_openai,"{""errors"": 0, ""health"": 0}"
2025-09-01T05:05:44.536661Z,skip_openai,"{""errors"": 0, ""health"": 0}"
2025-09-01T05:06:44.545438Z,skip_openai,"{""errors"": 0, ""health"": 0}"
2025-09-01T05:07:44.553868Z,skip_openai,"{""errors"": 0, ""health"": 0}"
2025-09-01T05:08:44.567399Z,skip_openai,"{""errors"": 0, ""health"": 0}"
2025-09-01T05:09:44.577950Z,skip_openai,"{""errors"": 0, ""health"": 0}"
2025-09-01T05:10:44.587157Z,skip_openai,"{""errors"": 0, ""health"": 0}"
2025-09-01T05:11:44.595632Z,skip_openai,"{""errors"": 0, ""health"": 0}"
2025-09-01T05:12:44.608034Z,skip_openai,"{""errors"": 0, ""health"": 0}"
2025-09-01T05:13:44.621679Z,skip_openai,"{""errors"": 0, ""health"": 0}"
2025-09-01T05:14:44.633141Z,skip_openai,"{""errors"": 0, ""health"": 0}"
2025-09-01T05:15:44.645385Z,skip_openai,"{""errors"": 0, ""health"": 0}"
2025-09-01T05:16:44.657577Z,skip_openai,"{""errors"": 0, ""health"": 0}"
2025-09-01T05:17:44.668844Z,skip_openai,"{""errors"": 0, ""health"": 0}"
2025-09-01T05:18:44.678336Z,skip_openai,"{""errors"": 0, ""health"": 0}"
2025-09-01T05:19:44.690281Z,skip_openai,"{""errors"": 0, ""health"": 0}"
2025-09-01T05:20:44.703457Z,skip_openai,"{""errors"": 0, ""health"": 0}"
2025-09-01T05:21:44.715087Z,skip_openai,"{""errors"": 0, ""health"": 0}"
2025-09-01T05:22:44.725987Z,skip_openai,"{""errors"": 0, ""health"": 0}"
2025-09-01T05:23:44.741821Z,skip_openai,"{""errors"": 0, ""health"": 0}"
2025-09-01T05:24:44.754316Z,skip_openai,"{""errors"": 0, ""health"": 0}"
2025-09-01T05:25:44.762009Z,skip_openai,"{""errors"": 0, ""health"": 0}"
2025-09-01T05:26:44.774775Z,skip_openai,"{""errors"": 0, ""health"": 0}"
2025-09-01T05:27:44.783378Z,skip_openai,"{""errors"": 0, ""health"": 0}"
2025-09-01T05:28:44.800511Z,skip_openai,"{""errors"": 0, ""health"": 0}"
2025-09-01T05:29:44.810723Z,skip_openai,"{""errors"": 0, ""health"": 0}"
2025-09-01T05:30:44.822901Z,skip_openai,"{""errors"": 0, ""health"": 0}"
2025-09-01T05:31:44.834809Z,skip_openai,"{""errors"": 0, ""health"": 0}"
2025-09-01T05:32:44.842956Z,skip_openai,"{""errors"": 0, ""health"": 0}"
2025-09-01T05:33:44.855373Z,skip_openai,"{""errors"": 0, ""health"": 0}"
2025-09-01T05:34:44.867821Z,skip_openai,"{""errors"": 0, ""health"": 0}"
2025-09-01T05:35:44.876778Z,skip_openai,"{""errors"": 0, ""health"": 0}"
2025-09-01T05:36:44.887425Z,skip_openai,"{""errors"": 0, ""health"": 0}"
2025-09-01T05:37:44.899248Z,skip_openai,"{""errors"": 0, ""health"": 0}"
2025-09-01T05:38:44.910819Z,skip_openai,"{""errors"": 0, ""health"": 0}"
2025-09-01T05:39:44.922046Z,skip_openai,"{""errors"": 0, ""health"": 0}"
2025-09-01T05:40:44.935154Z,skip_openai,"{""errors"": 0, ""health"": 0}"
2025-09-01T05:41:44.948004Z,skip_openai,"{""errors"": 0, ""health"": 0}"
2025-09-01T05:42:44.961249Z,skip_openai,"{""errors"": 0, ""health"": 0}"
2025-09-01T05:43:44.972663Z,skip_openai,"{""errors"": 0, ""health"": 0}"
2025-09-01T05:44:44.982290Z,skip_openai,"{""errors"": 0, ""health"": 0}"
2025-09-01T05:45:44.990257Z,skip_openai,"{""errors"": 0, ""health"": 0}"
2025-09-01T05:46:44.998047Z,skip_openai,"{""errors"": 0, ""health"": 0}"
2025-09-01T05:47:45.005602Z,skip_openai,"{""errors"": 0, ""health"": 0}"
2025-09-01T05:48:45.014831Z,skip_openai,"{""errors"": 0, ""health"": 0}"
2025-09-01T05:49:45.022307Z,skip_openai,"{""errors"": 0, ""health"": 0}"
2025-09-01T05:50:45.031833Z,skip_openai,"{""errors"": 0, ""health"": 0}"
2025-09-01T05:51:45.043549Z,skip_openai,"{""errors"": 0, ""health"": 0}"
2025-09-01T05:52:45.055613Z,skip_openai,"{""errors"": 0, ""health"": 0}"
2025-09-01T05:53:45.068421Z,skip_openai,"{""errors"": 0, ""health"": 0}"
2025-09-01T05:54:45.079634Z,skip_openai,"{""errors"": 0, ""health"": 0}"
2025-09-01T05:55:45.092754Z,skip_openai,"{""errors"": 0, ""health"": 0}"
2025-09-01T05:56:45.100081Z,skip_openai,"{""errors"": 0, ""health"": 0}"
2025-09-01T05:57:45.111797Z,skip_openai,"{""errors"": 0, ""health"": 0}"
2025-09-01T05:58:45.123230Z,skip_openai,"{""errors"": 0, ""health"": 0}"
2025-09-01T06:08:43.935404Z,skip_openai,"{""errors"": 0, ""health"": 0}"
2025-09-01T06:19:18.825626Z,skip_openai,"{""errors"": 0, ""health"": 0}"
2025-09-01T14:57:54.545364Z,skip_openai,"{""errors"": 0, ""health"": 0}"
2025-09-01T14:58:54.555188Z,skip_openai,"{""errors"": 0, ""health"": 0}"
2025-09-01T14:59:54.563353Z,skip_openai,"{""errors"": 0, ""health"": 0}"
2025-09-01T15:00:54.571638Z,skip_openai,"{""errors"": 0, ""health"": 0}"
2025-09-01T15:01:54.579937Z,skip_openai,"{""errors"": 0, ""health"": 0}"
2025-09-01T15:02:54.591747Z,skip_openai,"{""errors"": 0, ""health"": 0}"
2025-09-01T15:03:54.603607Z,skip_openai,"{""errors"": 0, ""health"": 0}"
2025-09-01T15:04:54.615558Z,skip_openai,"{""errors"": 0, ""health"": 0}"
2025-09-01T15:05:54.627713Z,skip_openai,"{""errors"": 0, ""health"": 0}"
2025-09-01T15:06:54.632552Z,skip_openai,"{""errors"": 0, ""health"": 0}"
2025-09-01T15:07:54.643485Z,skip_openai,"{""errors"": 0, ""health"": 0}"
2025-09-01T15:08:54.657769Z,skip_openai,"{""errors"": 0, ""health"": 0}"
2025-09-01T15:09:54.666531Z,skip_openai,"{""errors"": 0, ""health"": 0}"
2025-09-01T15:10:54.674739Z,skip_openai,"{""errors"": 0, ""health"": 0}"
2025-09-01T15:11:54.684199Z,skip_openai,"{""errors"": 0, ""health"": 0}"
2025-09-01T15:12:54.695866Z,skip_openai,"{""errors"": 0, ""health"": 0}"
2025-09-01T15:13:54.706488Z,skip_openai,"{""errors"": 0, ""health"": 0}"
2025-09-01T15:14:54.718276Z,skip_openai,"{""errors"": 0, ""health"": 0}"
2025-09-01T15:15:54.729693Z,skip_openai,"{""errors"": 0, ""health"": 0}"
2025-09-01T15:16:54.741918Z,skip_openai,"{""errors"": 0, ""health"": 0}"
2025-09-01T15:17:54.750042Z,skip_openai,"{""errors"": 0, ""health"": 0}"
2025-09-01T15:18:54.757978Z,skip_openai,"{""errors"": 0, ""health"": 0}"
2025-09-01T15:19:54.768421Z,skip_openai,"{""errors"": 0, ""health"": 0}"
2025-09-01T15:20:54.780238Z,skip_openai,"{""errors"": 0, ""health"": 0}"
2025-09-01T15:21:54.789552Z,skip_openai,"{""errors"": 0, ""health"": 0}"
2025-09-01T15:22:54.798874Z,skip_openai,"{""errors"": 0, ""health"": 0}"
2025-09-01T15:23:54.807697Z,skip_openai,"{""errors"": 0, ""health"": 0}"
2025-09-01T15:24:54.816388Z,skip_openai,"{""errors"": 0, ""health"": 0}"
2025-09-01T15:25:54.826292Z,skip_openai,"{""errors"": 0, ""health"": 0}"
2025-09-01T15:26:54.839866Z,skip_openai,"{""errors"": 0, ""health"": 0}"
2025-09-01T15:27:54.852235Z,skip_openai,"{""errors"": 0, ""health"": 0}"
2025-09-01T15:28:54.863714Z,skip_openai,"{""errors"": 0, ""health"": 0}"
2025-09-01T15:29:54.878880Z,skip_openai,"{""errors"": 0, ""health"": 0}"
2025-09-01T15:30:54.887679Z,skip_openai,"{""errors"": 0, ""health"": 0}"
2025-09-01T15:31:54.895721Z,skip_openai,"{""errors"": 0, ""health"": 0}"
2025-09-01T15:32:54.906670Z,skip_openai,"{""errors"": 0, ""health"": 0}"
2025-09-01T15:33:54.920289Z,skip_openai,"{""errors"": 0, ""health"": 0}"
2025-09-01T15:34:54.932611Z,skip_openai,"{""errors"": 0, ""health"": 0}"
2025-09-01T15:35:54.943850Z,skip_openai,"{""errors"": 0, ""health"": 0}"
2025-09-01T15:36:54.953635Z,skip_openai,"{""errors"": 0, ""health"": 0}"
2025-09-01T15:37:54.962798Z,skip_openai,"{""errors"": 0, ""health"": 0}"
2025-09-01T15:38:54.970409Z,skip_openai,"{""errors"": 0, ""health"": 0}"
2025-09-01T15:39:54.983920Z,skip_openai,"{""errors"": 0, ""health"": 0}"
2025-09-01T15:40:54.992736Z,skip_openai,"{""errors"": 0, ""health"": 0}"
2025-09-01T15:41:55.001549Z,skip_openai,"{""errors"": 0, ""health"": 0}"
2025-09-01T15:42:55.014431Z,skip_openai,"{""errors"": 0, ""health"": 0}"
2025-09-01T15:43:55.028630Z,skip_openai,"{""errors"": 0, ""health"": 0}"
2025-09-01T15:44:55.038702Z,skip_openai,"{""errors"": 0, ""health"": 0}"
2025-09-01T15:45:55.047207Z,skip_openai,"{""errors"": 0, ""health"": 0}"
2025-09-01T15:46:55.059636Z,skip_openai,"{""errors"": 0, ""health"": 0}"
2025-09-01T15:47:55.071114Z,skip_openai,"{""errors"": 0, ""health"": 0}"
2025-09-01T15:48:55.084272Z,skip_openai,"{""errors"": 0, ""health"": 0}"
2025-09-01T15:49:55.096587Z,skip_openai,"{""errors"": 0, ""health"": 0}"
2025-09-01T15:50:55.105436Z,skip_openai,"{""errors"": 0, ""health"": 0}"
2025-09-01T15:51:55.113494Z,skip_openai,"{""errors"": 0, ""health"": 0}"
2025-09-01T15:52:55.122140Z,skip_openai,"{""errors"": 0, ""health"": 0}"
2025-09-01T15:53:55.145868Z,skip_openai,"{""errors"": 0, ""health"": 0}"
2025-09-01T15:54:55.156840Z,skip_openai,"{""errors"": 0, ""health"": 0}"
2025-09-01T15:55:55.167487Z,skip_openai,"{""errors"": 0, ""health"": 0}"
2025-09-01T15:56:55.175640Z,skip_openai,"{""errors"": 0, ""health"": 0}"
2025-09-01T15:57:55.187809Z,skip_openai,"{""errors"": 0, ""health"": 0}"
2025-09-01T15:58:55.200334Z,skip_openai,"{""errors"": 0, ""health"": 0}"
2025-09-01T15:59:55.212212Z,skip_openai,"{""errors"": 0, ""health"": 0}"
2025-09-01T16:00:55.223567Z,skip_openai,"{""errors"": 0, ""health"": 0}"
2025-09-01T16:01:55.232853Z,skip_openai,"{""errors"": 0, ""health"": 0}"
2025-09-01T17:27:50.093676Z,email_sent,"{""errors"": 7, ""health"": 0, ""preview"": ""7 errors; health OK.\n\n- IDs 1\u20137 in usp_TransferFunds \u2014 Err#50003 (Insufficient funds). Timestamps span 2025-08-26 to 2025-09-01. Action: treat as business failures, not DB faults.\n- Err#50003 / usp_TransferFunds \u2014 Action: Notify Payments/Customer Support with the list of failed transfer IDs/timestam""}"
2025-09-01T17:38:03.940551Z,skip_openai,"{""errors"": 0, ""health"": 0}"
2025-09-01T17:40:03.955142Z,skip_openai,"{""errors"": 0, ""health"": 0}"
2025-09-01T17:42:03.970049Z,skip_openai,"{""errors"": 0, ""health"": 0}"
2025-09-01T17:44:03.985415Z,skip_openai,"{""errors"": 0, ""health"": 0}"
2025-09-01T17:45:19.466651Z,email_sent,"{""errors"": 1, ""health"": 0, ""preview"": ""1 error; health OK.\n\n- ID 8 / usp_TransferFunds / Err 50003 (Insufficient funds) @ 2025-09-01 17:44:19 \u2014 Business-level failure: source account balance insufficient. Do NOT apply DB fixes.\n- Action (Ops): verify source account ledger and any pending holds, confirm whether funds are expected soon; if""}"
2025-09-01T17:46:15.038374Z,email_sent,"{""errors"": 1, ""health"": 0, ""preview"": ""1 error; health OK.\n\n- ID 9 / usp_TransferFunds / Err 50003 at 2025-09-01 17:45:33 \u2014 Insufficient funds. This is a business-level rejection (not a DB fault).\n- Action: Return clear \""insufficient funds\"" response to caller, mark transaction as failed, and surface to finance/customer support for follow""}"
2025-09-01T17:48:15.053155Z,skip_openai,"{""errors"": 0, ""health"": 0}"
2025-09-01T17:50:15.070040Z,skip_openai,"{""errors"": 0, ""health"": 0}"
2025-09-01T17:52:15.082981Z,skip_openai,"{""errors"": 0, ""health"": 0}"
2025-09-01T17:54:15.095948Z,skip_openai,"{""errors"": 0, ""health"": 0}"
2025-09-01T17:56:15.107328Z,skip_openai,"{""errors"": 0, ""health"": 0}"
2025-09-01T17:58:15.124825Z,skip_openai,"{""errors"": 0, ""health"": 0}"
2025-09-01T18:00:15.143761Z,skip_openai,"{""errors"": 0, ""health"": 0}"
2025-09-01T18:02:15.162553Z,skip_openai,"{""errors"": 0, ""health"": 0}"
2025-09-01T18:04:15.181826Z,skip_openai,"{""errors"": 0, ""health"": 0}"
2025-09-01T18:06:15.197497Z,skip_openai,"{""errors"": 0, ""health"": 0}"
2025-09-01T18:08:15.219094Z,skip_openai,"{""errors"": 0, ""health"": 0}"
2025-09-01T18:10:15.242504Z,skip_openai,"{""errors"": 0, ""health"": 0}"
2025-09-01T18:12:15.262875Z,skip_openai,"{""errors"": 0, ""health"": 0}"
2025-09-01T18:14:15.281408Z,skip_openai,"{""errors"": 0, ""health"": 0}"
2025-09-01T18:16:15.300742Z,skip_openai,"{""errors"": 0, ""health"": 0}"
2025-09-01T18:18:15.318421Z,skip_openai,"{""errors"": 0, ""health"": 0}"
2025-09-01T18:20:15.337067Z,skip_openai,"{""errors"": 0, ""health"": 0}"
2025-09-01T18:22:15.371082Z,skip_openai,"{""errors"": 0, ""health"": 0}"
2025-09-01T18:24:15.391216Z,skip_openai,"{""errors"": 0, ""health"": 0}"
2025-09-01T18:26:15.405811Z,skip_openai,"{""errors"": 0, ""health"": 0}"
2025-09-01T18:28:15.425830Z,skip_openai,"{""errors"": 0, ""health"": 0}"
2025-09-01T18:30:15.440671Z,skip_openai,"{""errors"": 0, ""health"": 0}"
2025-09-01T18:32:15.461206Z,skip_openai,"{""errors"": 0, ""health"": 0}"
2025-09-01T18:34:15.480252Z,skip_openai,"{""errors"": 0, ""health"": 0}"
2025-09-01T18:36:15.498186Z,skip_openai,"{""errors"": 0, ""health"": 0}"
2025-09-01T18:38:15.515351Z,skip_openai,"{""errors"": 0, ""health"": 0}"
2025-09-01T18:40:15.532290Z,skip_openai,"{""errors"": 0, ""health"": 0}"
2025-09-01T18:42:15.553314Z,skip_openai,"{""errors"": 0, ""health"": 0}"
2025-09-01T18:44:15.573429Z,skip_openai,"{""errors"": 0, ""health"": 0}"
2025-09-01T18:46:15.597236Z,skip_openai,"{""errors"": 0, ""health"": 0}"
2025-09-01T18:48:15.619731Z,skip_openai,"{""errors"": 0, ""health"": 0}"
2025-09-01T18:50:15.636932Z,skip_openai,"{""errors"": 0, ""health"": 0}"
2025-09-01T18:52:15.656233Z,skip_openai,"{""errors"": 0, ""health"": 0}"
2025-09-01T18:54:15.679470Z,skip_openai,"{""errors"": 0, ""health"": 0}"
2025-09-01T18:56:15.701007Z,skip_openai,"{""errors"": 0, ""health"": 0}"
2025-09-01T18:58:15.719460Z,skip_openai,"{""errors"": 0, ""health"": 0}"
2025-09-02T00:31:46.866458Z,skip_openai,"{""errors"": 0, ""health"": 0}"
2025-09-02T00:33:46.890608Z,skip_openai,"{""errors"": 0, ""health"": 0}"
2025-09-02T00:35:46.906583Z,skip_openai,"{""errors"": 0, ""health"": 0}"
2025-09-02T00:37:46.926863Z,skip_openai,"{""errors"": 0, ""health"": 0}"
2025-09-02T00:39:46.946731Z,skip_openai,"{""errors"": 0, ""health"": 0}"
2025-09-02T00:41:46.963445Z,skip_openai,"{""errors"": 0, ""health"": 0}"
2025-09-02T00:43:46.978936Z,skip_openai,"{""errors"": 0, ""health"": 0}"
2025-09-02T00:45:46.998052Z,skip_openai,"{""errors"": 0, ""health"": 0}"
2025-09-02T00:47:47.015390Z,skip_openai,"{""errors"": 0, ""health"": 0}"
2025-09-02T00:49:47.031914Z,skip_openai,"{""errors"": 0, ""health"": 0}"
2025-09-02T00:51:47.053599Z,skip_openai,"{""errors"": 0, ""health"": 0}"
2025-09-02T00:53:47.072960Z,skip_openai,"{""errors"": 0, ""health"": 0}"
2025-09-02T00:55:47.091795Z,skip_openai,"{""errors"": 0, ""health"": 0}"
2025-09-02T00:57:47.110119Z,skip_openai,"{""errors"": 0, ""health"": 0}"
2025-09-02T00:59:47.129945Z,skip_openai,"{""errors"": 0, ""health"": 0}"
2025-09-02T01:01:47.147132Z,skip_openai,"{""errors"": 0, ""health"": 0}"
2025-09-02T01:03:47.170317Z,skip_openai,"{""errors"": 0, ""health"": 0}"
2025-09-02T01:05:47.190645Z,skip_openai,"{""errors"": 0, ""health"": 0}"
2025-09-02T01:07:47.212537Z,skip_openai,"{""errors"": 0, ""health"": 0}"
2025-09-02T01:09:47.234011Z,skip_openai,"{""errors"": 0, ""health"": 0}"
2025-09-02T01:11:47.250792Z,skip_openai,"{""errors"": 0, ""health"": 0}"
2025-09-02T01:13:47.271754Z,skip_openai,"{""errors"": 0, ""health"": 0}"
2025-09-02T01:15:47.288703Z,skip_openai,"{""errors"": 0, ""health"": 0}"
2025-09-02T01:17:47.305090Z,skip_openai,"{""errors"": 0, ""health"": 0}"
2025-09-02T01:19:47.321912Z,skip_openai,"{""errors"": 0, ""health"": 0}"
2025-09-02T01:21:47.362278Z,skip_openai,"{""errors"": 0, ""health"": 0}"
2025-09-02T01:23:47.382519Z,skip_openai,"{""errors"": 0, ""health"": 0}"
2025-09-02T01:25:47.402836Z,skip_openai,"{""errors"": 0, ""health"": 0}"
2025-09-02T01:27:47.419600Z,skip_openai,"{""errors"": 0, ""health"": 0}"
2025-09-02T01:29:47.439272Z,skip_openai,"{""errors"": 0, ""health"": 0}"
2025-09-02T01:31:47.456573Z,skip_openai,"{""errors"": 0, ""health"": 0}"
2025-09-02T01:33:47.477461Z,skip_openai,"{""errors"": 0, ""health"": 0}"
2025-09-02T01:35:47.498293Z,skip_openai,"{""errors"": 0, ""health"": 0}"
2025-09-02T01:37:47.518833Z,skip_openai,"{""errors"": 0, ""health"": 0}"
2025-09-02T01:39:47.538303Z,skip_openai,"{""errors"": 0, ""health"": 0}"
2025-09-02T01:41:47.553230Z,skip_openai,"{""errors"": 0, ""health"": 0}"
2025-09-02T01:43:47.572459Z,skip_openai,"{""errors"": 0, ""health"": 0}"
2025-09-02T01:45:47.593859Z,skip_openai,"{""errors"": 0, ""health"": 0}"
2025-09-02T01:47:47.614337Z,skip_openai,"{""errors"": 0, ""health"": 0}"
2025-09-02T01:49:47.630495Z,skip_openai,"{""errors"": 0, ""health"": 0}"
2025-09-02T01:51:47.650524Z,skip_openai,"{""errors"": 0, ""health"": 0}"
2025-09-02T01:53:47.666779Z,skip_openai,"{""errors"": 0, ""health"": 0}"
2025-09-02T01:55:47.688230Z,skip_openai,"{""errors"": 0, ""health"": 0}"
2025-09-02T01:57:47.704253Z,skip_openai,"{""errors"": 0, ""health"": 0}"
2025-09-02T01:59:47.720128Z,skip_openai,"{""errors"": 0, ""health"": 0}"
2025-09-02T02:01:47.738300Z,skip_openai,"{""errors"": 0, ""health"": 0}"
2025-09-02T02:03:47.755145Z,skip_openai,"{""errors"": 0, ""health"": 0}"
2025-09-02T02:05:47.777012Z,skip_openai,"{""errors"": 0, ""health"": 0}"
2025-09-02T02:07:47.796526Z,skip_openai,"{""errors"": 0, ""health"": 0}"
2025-09-02T02:09:47.813345Z,skip_openai,"{""errors"": 0, ""health"": 0}"
2025-09-02T02:11:47.831819Z,skip_openai,"{""errors"": 0, ""health"": 0}"
2025-09-02T02:13:47.850833Z,skip_openai,"{""errors"": 0, ""health"": 0}"
2025-09-02T02:15:47.870625Z,skip_openai,"{""errors"": 0, ""health"": 0}"
2025-09-02T02:17:47.890363Z,skip_openai,"{""errors"": 0, ""health"": 0}"
2025-09-02T02:19:47.907676Z,skip_openai,"{""errors"": 0, ""health"": 0}"
2025-09-02T02:21:47.924298Z,skip_openai,"{""errors"": 0, ""health"": 0}"
2025-09-02T02:23:47.941255Z,skip_openai,"{""errors"": 0, ""health"": 0}"
2025-09-02T02:25:47.962606Z,skip_openai,"{""errors"": 0, ""health"": 0}"
2025-09-02T02:27:47.983924Z,skip_openai,"{""errors"": 0, ""health"": 0}"
2025-09-02T02:29:48.009473Z,skip_openai,"{""errors"": 0, ""health"": 0}"
